{"cameraMode":{"drawMode":0,"name":"Shaded","section":"Shading Mode"},"sceneLighting":true,"audioPlay":false,"sceneViewState":{"m_AlwaysRefresh":false,"showFog":true,"showSkybox":true,"showFlares":true,"showImageEffects":true,"showParticleSystems":true,"showVisualEffectGraphs":true,"m_FxEnabled":true},"in2DMode":false,"pivot":{"x":-0.8866286277770996,"y":-0.3278191089630127,"z":0.09682011604309082},"rotation":{"x":0.09332599490880966,"y":-0.7572112083435059,"z":0.11095840483903885,"w":0.6368799209594727},"size":4.038775444030762,"orthographic":true}