{"cameraMode":{"drawMode":0,"name":"Shaded","section":"Shading Mode"},"sceneLighting":true,"audioPlay":false,"sceneViewState":{"m_AlwaysRefresh":false,"showFog":true,"showSkybox":true,"showFlares":true,"showImageEffects":true,"showParticleSystems":true,"showVisualEffectGraphs":true,"m_FxEnabled":true},"in2DMode":false,"pivot":{"x":0.31999778747558596,"y":-0.7244830131530762,"z":0.934783935546875},"rotation":{"x":0.3558606207370758,"y":-0.066912941634655,"z":0.025559233501553537,"w":0.9318041205406189},"size":3.660771369934082,"orthographic":false}