{"cameraMode":{"drawMode":0,"name":"Shaded","section":"Shading Mode"},"sceneLighting":true,"audioPlay":false,"sceneViewState":{"m_AlwaysRefresh":false,"showFog":true,"showSkybox":true,"showFlares":true,"showImageEffects":true,"showParticleSystems":true,"showVisualEffectGraphs":true,"m_FxEnabled":true},"in2DMode":false,"pivot":{"x":-0.4373711049556732,"y":0.613828182220459,"z":-0.09330368041992188},"rotation":{"x":0.40188220143318179,"y":-0.05323580652475357,"z":0.02341337502002716,"w":0.913854718208313},"size":3.161799192428589,"orthographic":false}