{"cameraMode":{"drawMode":0,"name":"Shaded","section":"Shading Mode"},"sceneLighting":true,"audioPlay":false,"sceneViewState":{"m_AlwaysRefresh":false,"showFog":true,"showSkybox":true,"showFlares":true,"showImageEffects":true,"showParticleSystems":true,"showVisualEffectGraphs":true,"m_FxEnabled":true},"in2DMode":false,"pivot":{"x":2.4218108654022219,"y":4.079529762268066,"z":-1.275930404663086},"rotation":{"x":-0.28145304322242739,"y":-0.003745352616533637,"z":0.0010988996364176274,"w":-0.9595694541931152},"size":6.106204509735107,"orthographic":false}